ID,first_name,last_name,nick_name,birthday,email,position_ID,department_ID,spacesuit_ID,origin_planet_ID
61be4551-5f87-43bf-b662-beb9c2c417d2,Lisa,Welch,ysilva,1974-05-11,smithheather@taylor-jones.com,8cd056da-fdcc-4ba2-b676-f65ead1ef0d3,7ea5bdfc-e6f6-4032-9ab5-3471fc9f5563,99c9376d-3897-4447-9dd9-e63ad88d0ac8,cb1453c2-7409-48f4-b9c8-81a5bc004e16
f31d6768-84dc-451d-83de-3b4c153c8bcc,David,Morris,krista04,1970-10-12,jhensley@hotmail.com,f374c1a6-0f3b-4d2d-9159-2efd9722412e,de88efe9-54dd-48e9-9631-8b5654577543,03dc7e9d-881e-4506-ae4a-3edea049b473,cb1453c2-7409-48f4-b9c8-81a5bc004e16
1276ae1c-ff71-4911-ad65-4cee3bf82317,Sara,Mitchell,stephensmichelle,1994-05-17,gloriawilkinson@peterson.com,34b02fdd-929b-4926-becd-d651ed068da8,c7fe6529-c4b6-4a47-b1ad-d1029d0dd38b,858354a1-b119-40d3-a1bb-8824143ba40a,5c9f5bc9-4a4b-494d-add3-8341f8992a76
9078b37e-435f-4bbd-8ab1-30e6269be719,Brent,Wilson,kaylageorge,1979-10-02,hoffmankaren@yahoo.com,84d36db3-d4ae-4919-8577-1fd48694b50b,a8b7221d-8bf1-4898-a1f9-1a4eb086ec45,3cc76da8-f573-45ae-b2ff-0b7fd9925c91,afbd09ca-8e72-41bd-9fd3-dc4088340c9a
b83e26e4-5aaa-4b04-a551-377c0cf392b6,Candice,Dean,rickmann,1985-02-19,stephaniemcdonald@yahoo.com,8cd056da-fdcc-4ba2-b676-f65ead1ef0d3,de88efe9-54dd-48e9-9631-8b5654577543,4402a4db-ac9b-4c17-9c73-fe28440c107c,7d97b414-bbf5-4db0-950e-e0b53fdfecee
08311c8c-bee2-4eb3-8aff-a25531a5c9ac,Sarah,Young,karencarpenter,2002-01-16,jenniferadams@valdez.info,d64e26fc-7972-41bc-ac30-c6ce5dc7e62c,a8b7221d-8bf1-4898-a1f9-1a4eb086ec45,03dc7e9d-881e-4506-ae4a-3edea049b473,b43ae951-f0f0-455b-95ab-4747492834b9
1cbd2c80-d14d-427e-8e11-b73cf385ac4d,Alyssa,Giles,danielandrea,1989-11-02,susansalas@yahoo.com,253040c5-9bd4-446e-bc98-c43e33b5d6da,a8b7221d-8bf1-4898-a1f9-1a4eb086ec45,b762f51b-3dd2-4284-b94e-8f008453828c,f77e2292-68ca-4d3b-9495-1abb296d4af0
01370bd8-ecf6-4301-9c23-b111a1b1c432,Spencer,Soto,perezharold,2005-02-09,william91@gmail.com,775ccc76-bee6-4da6-a59d-574ac369cbdd,f9575c0c-f70c-4acd-a30f-1dc85667f5ec,858354a1-b119-40d3-a1bb-8824143ba40a,b43ae951-f0f0-455b-95ab-4747492834b9
b076054b-e42c-4810-a3be-92ed3677906b,Jessica,Murray,martinandrew,1986-09-19,dboyd@gonzalez.com,d64e26fc-7972-41bc-ac30-c6ce5dc7e62c,7ea5bdfc-e6f6-4032-9ab5-3471fc9f5563,4402a4db-ac9b-4c17-9c73-fe28440c107c,f77e2292-68ca-4d3b-9495-1abb296d4af0
89c1f80b-2f4b-43d9-9ab9-d4dd675f49ba,Todd,Flores,omar28,1974-06-21,cwilson@howell.com,8cd056da-fdcc-4ba2-b676-f65ead1ef0d3,f9575c0c-f70c-4acd-a30f-1dc85667f5ec,858354a1-b119-40d3-a1bb-8824143ba40a,59407ad6-6c68-4623-bf0d-5308ebd7d8f9
86897e5b-3788-4509-9bc7-c9d2ae64c714,Zachary,Myers,ubenson,1968-04-19,wbaker@yahoo.com,89f86f3c-d737-4dab-a972-0a5045f0f463,a8b7221d-8bf1-4898-a1f9-1a4eb086ec45,7c2c90a8-3234-4501-8314-78dba497af95,cb1453c2-7409-48f4-b9c8-81a5bc004e16
a48c3c52-8824-43a2-a222-0b8572b6e411,William,Miller,bowmanmelissa,1973-10-22,jeremy88@yahoo.com,261e896c-b403-4156-91bd-65a3922cc642,a8b7221d-8bf1-4898-a1f9-1a4eb086ec45,858354a1-b119-40d3-a1bb-8824143ba40a,f77e2292-68ca-4d3b-9495-1abb296d4af0
2e54e988-a56c-4713-abbc-a2d7d862056d,Alicia,Prince,albertwiggins,1980-10-31,lcasey@gmail.com,34b02fdd-929b-4926-becd-d651ed068da8,7ea5bdfc-e6f6-4032-9ab5-3471fc9f5563,da33a878-c7a7-48e1-9ef0-11f5305bb4e2,afbd09ca-8e72-41bd-9fd3-dc4088340c9a
87ecb483-b892-4e44-b970-6d75b0c2ccdf,John,Miller,joneskatie,1969-01-08,mdaniels@gmail.com,89f86f3c-d737-4dab-a972-0a5045f0f463,c7fe6529-c4b6-4a47-b1ad-d1029d0dd38b,858354a1-b119-40d3-a1bb-8824143ba40a,cb1453c2-7409-48f4-b9c8-81a5bc004e16
5859b33b-bb2d-4a53-8f79-82c5adbec606,Henry,Foley,griffinjoshua,1981-07-23,perezjeffrey@gmail.com,7918afbb-82ca-478f-b378-8d1e409f917f,c7fe6529-c4b6-4a47-b1ad-d1029d0dd38b,99c9376d-3897-4447-9dd9-e63ad88d0ac8,b4830c1b-e041-477c-b291-799c83dbc86a
ca4f95a0-92b5-4a63-a439-40708ec633a4,Thomas,Smith,brendaestrada,1976-09-12,ortizlaura@yahoo.com,d64e26fc-7972-41bc-ac30-c6ce5dc7e62c,7ea5bdfc-e6f6-4032-9ab5-3471fc9f5563,da33a878-c7a7-48e1-9ef0-11f5305bb4e2,cb1453c2-7409-48f4-b9c8-81a5bc004e16
98e88b5d-bf75-4d5d-bba9-e019138afac2,Christina,Wagner,timothy34,1969-02-22,briannabaxter@mitchell.com,d64e26fc-7972-41bc-ac30-c6ce5dc7e62c,a8b7221d-8bf1-4898-a1f9-1a4eb086ec45,858354a1-b119-40d3-a1bb-8824143ba40a,59407ad6-6c68-4623-bf0d-5308ebd7d8f9
c890b30f-94c7-47bf-b48d-5fd2dbcfd508,Aaron,Thompson,stevensonkevin,1965-11-29,emilybowers@hotmail.com,f374c1a6-0f3b-4d2d-9159-2efd9722412e,f9575c0c-f70c-4acd-a30f-1dc85667f5ec,b762f51b-3dd2-4284-b94e-8f008453828c,5c9f5bc9-4a4b-494d-add3-8341f8992a76
9b3ea70f-d8d2-4bd1-b8de-29b8a965a018,Sydney,Shields,amanda17,1988-02-11,reynoldsdonald@higgins.com,84d36db3-d4ae-4919-8577-1fd48694b50b,7ea5bdfc-e6f6-4032-9ab5-3471fc9f5563,da33a878-c7a7-48e1-9ef0-11f5305bb4e2,59407ad6-6c68-4623-bf0d-5308ebd7d8f9
681e197e-2926-4c8c-abab-da5821c3a011,Sandra,Bell,carpenterkelly,1994-11-15,garyjohnson@yahoo.com,253040c5-9bd4-446e-bc98-c43e33b5d6da,a8b7221d-8bf1-4898-a1f9-1a4eb086ec45,b762f51b-3dd2-4284-b94e-8f008453828c,7d97b414-bbf5-4db0-950e-e0b53fdfecee
662141be-f381-4a25-9840-f8717779e9dd,Philip,Diaz,ishort,1992-02-11,emilysanchez@smith.com,84d36db3-d4ae-4919-8577-1fd48694b50b,de88efe9-54dd-48e9-9631-8b5654577543,99c9376d-3897-4447-9dd9-e63ad88d0ac8,59407ad6-6c68-4623-bf0d-5308ebd7d8f9
4d724ec8-e392-47fa-83b5-e998f94a82cb,Donna,Wallace,dennis16,1972-11-19,kaisermatthew@baird-schmitt.com,253040c5-9bd4-446e-bc98-c43e33b5d6da,de88efe9-54dd-48e9-9631-8b5654577543,03dc7e9d-881e-4506-ae4a-3edea049b473,f77e2292-68ca-4d3b-9495-1abb296d4af0
76dc82ad-23f9-494a-a471-3b1e57ba3a31,Elizabeth,Thompson,kimkimberly,1973-08-13,leemartin@gmail.com,89f86f3c-d737-4dab-a972-0a5045f0f463,7ea5bdfc-e6f6-4032-9ab5-3471fc9f5563,858354a1-b119-40d3-a1bb-8824143ba40a,5c9f5bc9-4a4b-494d-add3-8341f8992a76
2fc5cecf-6f77-45c4-8dd1-63ccde750b75,Andrew,Evans,shawn98,1964-10-04,reyesapril@hotmail.com,253040c5-9bd4-446e-bc98-c43e33b5d6da,f9575c0c-f70c-4acd-a30f-1dc85667f5ec,99c9376d-3897-4447-9dd9-e63ad88d0ac8,b4830c1b-e041-477c-b291-799c83dbc86a
aefe8da9-b496-42f3-ab2f-c83889333f01,Erik,Daniel,cjones,1976-08-30,eric65@gmail.com,34b02fdd-929b-4926-becd-d651ed068da8,c7fe6529-c4b6-4a47-b1ad-d1029d0dd38b,99c9376d-3897-4447-9dd9-e63ad88d0ac8,b43ae951-f0f0-455b-95ab-4747492834b9
e3397a8d-d914-41b2-9add-8012e2cb364c,Pamela,Garrett,ekirby,1994-06-25,harperkathy@gmail.com,253040c5-9bd4-446e-bc98-c43e33b5d6da,de88efe9-54dd-48e9-9631-8b5654577543,3cc76da8-f573-45ae-b2ff-0b7fd9925c91,4cb7e51f-a424-487d-8258-ad8b00144f9a
62314bfc-6d35-43dd-8104-4284444bb4cf,Heather,Cox,malik05,1980-03-06,amy45@gmail.com,34b02fdd-929b-4926-becd-d651ed068da8,f9575c0c-f70c-4acd-a30f-1dc85667f5ec,7c2c90a8-3234-4501-8314-78dba497af95,72c32045-b5b4-45d0-9b76-bfa9cf7669b0
b426a72d-68ef-468b-9638-de37a4bdcb97,Kaitlyn,Davis,dorismendoza,1996-07-02,millerdonald@bradford-howell.biz,84d36db3-d4ae-4919-8577-1fd48694b50b,f9575c0c-f70c-4acd-a30f-1dc85667f5ec,6bc7b7c0-830a-4c73-9024-b3ba6a20a7b9,5c9f5bc9-4a4b-494d-add3-8341f8992a76
9d70d4e7-284c-4c0b-9665-e54484a995fd,Erin,Johnson,wphelps,1976-02-29,katrina59@wiley-hall.com,d64e26fc-7972-41bc-ac30-c6ce5dc7e62c,f9575c0c-f70c-4acd-a30f-1dc85667f5ec,b762f51b-3dd2-4284-b94e-8f008453828c,f77e2292-68ca-4d3b-9495-1abb296d4af0
8838def2-9780-4f37-8ec1-76e9ff807662,Amber,Harris,ryanperry,1985-10-10,sarah97@fisher-osborne.net,84d36db3-d4ae-4919-8577-1fd48694b50b,a8b7221d-8bf1-4898-a1f9-1a4eb086ec45,b762f51b-3dd2-4284-b94e-8f008453828c,4cb7e51f-a424-487d-8258-ad8b00144f9a
fc9a2379-a1e6-4369-836f-d917b80ecd71,David,Green,mwilson,1999-07-08,moyeramanda@lutz.com,f374c1a6-0f3b-4d2d-9159-2efd9722412e,c7fe6529-c4b6-4a47-b1ad-d1029d0dd38b,858354a1-b119-40d3-a1bb-8824143ba40a,59407ad6-6c68-4623-bf0d-5308ebd7d8f9
9b4f7fad-44c2-4992-ae63-bbf76406ac2f,Robert,Bryan,kcampbell,1983-09-01,carolyn41@yahoo.com,d64e26fc-7972-41bc-ac30-c6ce5dc7e62c,c7fe6529-c4b6-4a47-b1ad-d1029d0dd38b,03dc7e9d-881e-4506-ae4a-3edea049b473,59407ad6-6c68-4623-bf0d-5308ebd7d8f9
34052db3-d864-46d9-be76-1a26aa6d15af,Jennifer,Phillips,amber39,1984-07-18,mmeyer@davis.biz,7918afbb-82ca-478f-b378-8d1e409f917f,de88efe9-54dd-48e9-9631-8b5654577543,da33a878-c7a7-48e1-9ef0-11f5305bb4e2,4cb7e51f-a424-487d-8258-ad8b00144f9a
bfb0c55b-39fc-4666-b78b-40f6eb1a36e4,Amanda,Brown,asmith,1973-12-31,pmorrison@hotmail.com,84d36db3-d4ae-4919-8577-1fd48694b50b,c7fe6529-c4b6-4a47-b1ad-d1029d0dd38b,03dc7e9d-881e-4506-ae4a-3edea049b473,7d97b414-bbf5-4db0-950e-e0b53fdfecee
0d69cf70-6017-4d79-b823-51d665a303cd,Gary,Lynch,tfrazier,1991-04-12,jeffreyespinoza@hotmail.com,253040c5-9bd4-446e-bc98-c43e33b5d6da,7ea5bdfc-e6f6-4032-9ab5-3471fc9f5563,b762f51b-3dd2-4284-b94e-8f008453828c,59407ad6-6c68-4623-bf0d-5308ebd7d8f9
737d4e82-4017-41d5-99e7-5144a8e97d48,Jasmine,Johnson,melvin40,1980-06-22,wintersjoyce@singleton.net,84d36db3-d4ae-4919-8577-1fd48694b50b,f9575c0c-f70c-4acd-a30f-1dc85667f5ec,4402a4db-ac9b-4c17-9c73-fe28440c107c,5c9f5bc9-4a4b-494d-add3-8341f8992a76
b17bde79-6fc8-42ac-9d91-a20cfd6749b6,Ashley,Johnson,ggarcia,1994-10-02,brian08@hotmail.com,261e896c-b403-4156-91bd-65a3922cc642,de88efe9-54dd-48e9-9631-8b5654577543,7c2c90a8-3234-4501-8314-78dba497af95,5c9f5bc9-4a4b-494d-add3-8341f8992a76
876c4aa0-6c11-4f01-b8f9-b68f0a1be7c2,William,Mejia,tracyroberts,1988-11-19,scott08@schaefer.com,775ccc76-bee6-4da6-a59d-574ac369cbdd,7ea5bdfc-e6f6-4032-9ab5-3471fc9f5563,da33a878-c7a7-48e1-9ef0-11f5305bb4e2,b4830c1b-e041-477c-b291-799c83dbc86a
9fcc7d3e-808e-4c4f-9a49-94defbf37bd1,Troy,Morrow,sthornton,1971-07-20,carla86@wood-novak.com,7918afbb-82ca-478f-b378-8d1e409f917f,f9575c0c-f70c-4acd-a30f-1dc85667f5ec,7c2c90a8-3234-4501-8314-78dba497af95,afbd09ca-8e72-41bd-9fd3-dc4088340c9a
42aaeb30-b746-42bd-a482-dd74303f5af0,Justin,Mcguire,amandaolson,1979-06-05,craigtaylor@yahoo.com,34b02fdd-929b-4926-becd-d651ed068da8,c7fe6529-c4b6-4a47-b1ad-d1029d0dd38b,da33a878-c7a7-48e1-9ef0-11f5305bb4e2,b4830c1b-e041-477c-b291-799c83dbc86a
979940a6-75b5-4151-af78-527df3e4dd19,Julie,Scott,john11,2002-05-03,fernandezryan@gmail.com,7918afbb-82ca-478f-b378-8d1e409f917f,7ea5bdfc-e6f6-4032-9ab5-3471fc9f5563,b762f51b-3dd2-4284-b94e-8f008453828c,afbd09ca-8e72-41bd-9fd3-dc4088340c9a
1d5dad0f-034d-43c3-a569-ecf2c13736d7,Samantha,Mckinney,william64,1999-07-31,amygordon@gmail.com,84d36db3-d4ae-4919-8577-1fd48694b50b,a8b7221d-8bf1-4898-a1f9-1a4eb086ec45,4402a4db-ac9b-4c17-9c73-fe28440c107c,5c9f5bc9-4a4b-494d-add3-8341f8992a76
a9ea4230-613c-462d-b3ed-029892910850,Aaron,Jackson,stevenszachary,1994-10-25,imcfarland@holt-johnson.com,7918afbb-82ca-478f-b378-8d1e409f917f,c7fe6529-c4b6-4a47-b1ad-d1029d0dd38b,7c2c90a8-3234-4501-8314-78dba497af95,59407ad6-6c68-4623-bf0d-5308ebd7d8f9
816b5165-ed47-4622-90e8-8b6ba041a03b,Kristina,Klein,tiffany23,1964-06-10,debraleonard@gmail.com,7918afbb-82ca-478f-b378-8d1e409f917f,c7fe6529-c4b6-4a47-b1ad-d1029d0dd38b,03dc7e9d-881e-4506-ae4a-3edea049b473,7d97b414-bbf5-4db0-950e-e0b53fdfecee
f2cbf553-4825-4ed1-ae29-11719e3968ba,Jennifer,Wells,michael56,2004-06-25,morenoamanda@yahoo.com,89f86f3c-d737-4dab-a972-0a5045f0f463,7ea5bdfc-e6f6-4032-9ab5-3471fc9f5563,da33a878-c7a7-48e1-9ef0-11f5305bb4e2,cb1453c2-7409-48f4-b9c8-81a5bc004e16
5c4a72bb-4247-400f-8629-6055f2e3008d,Elizabeth,Willis,james94,2000-03-05,hhughes@hotmail.com,f374c1a6-0f3b-4d2d-9159-2efd9722412e,7ea5bdfc-e6f6-4032-9ab5-3471fc9f5563,4402a4db-ac9b-4c17-9c73-fe28440c107c,59407ad6-6c68-4623-bf0d-5308ebd7d8f9
0f1cc7f9-0fe4-4fa3-b86e-f9a95e59b6bc,Jacob,Harrison,tiffany49,1991-09-17,perezjennifer@ortega-wilson.com,253040c5-9bd4-446e-bc98-c43e33b5d6da,c7fe6529-c4b6-4a47-b1ad-d1029d0dd38b,3cc76da8-f573-45ae-b2ff-0b7fd9925c91,b43ae951-f0f0-455b-95ab-4747492834b9
e63e419b-168c-4de3-9110-172e37d2a786,Nicole,Taylor,pvasquez,2003-11-13,billymartinez@hotmail.com,89f86f3c-d737-4dab-a972-0a5045f0f463,a8b7221d-8bf1-4898-a1f9-1a4eb086ec45,7c2c90a8-3234-4501-8314-78dba497af95,afbd09ca-8e72-41bd-9fd3-dc4088340c9a
34e8371f-ab78-4202-826d-485e0438e2d8,Carolyn,Moore,andrew19,1996-06-27,priscilla24@murphy.biz,775ccc76-bee6-4da6-a59d-574ac369cbdd,f9575c0c-f70c-4acd-a30f-1dc85667f5ec,4402a4db-ac9b-4c17-9c73-fe28440c107c,5c9f5bc9-4a4b-494d-add3-8341f8992a76
b471a6c2-f234-409d-8182-a6cf4db4f7dd,Emma,Calderon,mauricehampton,1995-01-16,josephalvarado@hotmail.com,261e896c-b403-4156-91bd-65a3922cc642,7ea5bdfc-e6f6-4032-9ab5-3471fc9f5563,da33a878-c7a7-48e1-9ef0-11f5305bb4e2,b43ae951-f0f0-455b-95ab-4747492834b9
